{
  "n_train": 26808,
  "n_test": 11490,
  "Best_threshold": 0.27952261306532666,
  "Raw_F1": 0.9009449547346858,
  "Flag_rate": 0.6693646649260226,
  "PR_AUC": 0.9384476785713286,
  "ROC_AUC": 0.9104759777626993,
  "F1_Score(@best)": 0.9150300866230245,
  "Confusion_Matrix": [
    [
      3286,
      772
    ],
    [
      513,
      6919
    ]
  ]
}